product_description,product_id,product_name,product_price
Listen explain strategy interesting notice onto.,2c4aa051-e2d4-499a-a940-37e48927b88e,Scalable Transition Printer,128.12
To also church student six subject win.,4cfb8032-aa17-4b66-b500-92c3c9172ce6,Impactful Cultivate Smartwatch,317.90
Process within such not.,96cc6b3c-4058-4a59-aebb-c35522452fbb,Ubiquitous Deliver Mouse,153.94
Although expert news particular base chance.,f88d2e53-590c-405a-aa02-de912908d3d5,Killer Deliver Smartwatch,22.23
Blue arm rich generation live.,9847938f-3ffe-494b-8063-1cbc950522ef,Plug-and-play Embrace Laptop,542.32
Yet dog according just receive may speak.,102fa51a-addd-4673-8bf7-42cef60102fc,Best-of-breed Grow Camera,302.38
Stock edge three much attack.,edee2ff1-f50b-4895-9a0e-39365bf09746,Extensible Maximize Smartwatch,122.25
Apply look house heart time plan couple.,74409a7f-8256-4510-b9ab-84aac9562a61,Bricks-and-clicks Visualize Camera,79.79
Whatever listen they.,19c51b48-cbef-4aa9-a321-1c9b501a5437,Seamless Optimize Mouse,347.77
Until hear real ready.,3b19d5af-eb48-485e-9a72-0ab6ddb6bdf8,Scalable Utilize Camera,744.36
